{"0": [-3.0468418003091933, -4.839038250692325, -4.839038250692325, -4.839038250692325, -4.839038250692325, -4.839038250692325, -4.839038250692325, -8.02366324761731, -8.02366324761731, -8.02366324761731, -8.02366324761731, -8.02366324761731, -8.02366324761731, -8.02366324761731, -8.02366324761731, -8.02366324761731, -8.02366324761731, -8.02366324761731, -8.02366324761731, -8.02366324761731, -8.02366324761731, -8.02366324761731, -8.02366324761731, -8.02366324761731, -8.02366324761731, -8.02366324761731, -8.02366324761731, -8.02366324761731, -8.02366324761731, -8.02366324761731, -8.02366324761731, -8.02366324761731, -8.02366324761731, -8.02366324761731, -8.02366324761731, -8.02366324761731, -8.02366324761731, -8.02366324761731, -8.02366324761731, -8.02366324761731, -8.02366324761731, -8.02366324761731, -8.02366324761731, -8.02366324761731, -8.02366324761731, -8.02366324761731, -8.02366324761731, -8.02366324761731, -8.02366324761731, -8.02366324761731, -8.02366324761731, -8.02366324761731, -8.02366324761731, -8.02366324761731, -8.02366324761731, -8.02366324761731, -8.02366324761731, -8.02366324761731, -8.02366324761731, -8.02366324761731, -8.02366324761731, -8.02366324761731, -8.02366324761731, -8.02366324761731, -8.02366324761731, -8.02366324761731, -8.02366324761731, -8.02366324761731, -8.02366324761731, -8.02366324761731, -8.02366324761731, -8.02366324761731, -8.02366324761731, -8.02366324761731, -8.02366324761731, -8.02366324761731, -8.02366324761731, -8.02366324761731, -9.649492195541635, -9.649492195541635, -9.649492195541635, -9.649492195541635, -9.649492195541635, -9.649492195541635, -9.649492195541635, -9.649492195541635, -9.649492195541635, -9.649492195541635, -9.649492195541635, -9.649492195541635, -9.649492195541635, -9.649492195541635, -9.649492195541635, -9.649492195541635, -9.649492195541635, -9.649492195541635, -9.649492195541635, -9.649492195541635, -9.649492195541635, -9.649492195541635], "1": [2.4135023763957806, 0.9991642246907531, 0.9991642246907531, -6.011471366131723, -6.011471366131723, -6.011471366131723, -6.011471366131723, -6.011471366131723, -6.011471366131723, -6.011471366131723, -6.011471366131723, -6.011471366131723, -6.011471366131723, -6.011471366131723, -6.011471366131723, -6.011471366131723, -6.011471366131723, -6.011471366131723, -6.011471366131723, -6.011471366131723, -6.011471366131723, -6.011471366131723, -6.011471366131723, -6.011471366131723, -6.011471366131723, -6.011471366131723, -6.011471366131723, -6.011471366131723, -6.011471366131723, -6.011471366131723, -6.011471366131723, -6.011471366131723, -6.011471366131723, -6.011471366131723, -6.011471366131723, -6.011471366131723, -6.011471366131723, -6.011471366131723, -7.007348432301416, -7.007348432301416, -7.007348432301416, -7.007348432301416, -7.007348432301416, -7.007348432301416, -7.007348432301416, -7.007348432301416, -7.007348432301416, -7.007348432301416, -7.007348432301416, -7.007348432301416, -7.007348432301416, -7.007348432301416, -7.007348432301416, -7.007348432301416, -7.007348432301416, -7.007348432301416, -7.007348432301416, -7.007348432301416, -7.007348432301416, -7.007348432301416, -7.007348432301416, -7.007348432301416, -7.007348432301416, -7.007348432301416, -7.007348432301416, -7.007348432301416, -7.007348432301416, -7.007348432301416, -7.007348432301416, -7.007348432301416, -7.007348432301416, -7.007348432301416, -7.007348432301416, -7.007348432301416, -7.007348432301416, -7.007348432301416, -7.007348432301416, -7.007348432301416, -7.007348432301416, -7.007348432301416, -7.007348432301416, -7.007348432301416, -7.007348432301416, -7.007348432301416, -7.007348432301416, -7.007348432301416, -7.007348432301416, -7.007348432301416, -7.007348432301416, -7.007348432301416, -7.105294923395638, -7.105294923395638, -7.105294923395638, -7.105294923395638, -7.105294923395638, -7.105294923395638, -7.105294923395638, -7.105294923395638, -7.105294923395638, -8.305034254632414], "2": [-2.1566850160730384, -7.091347364086043, -7.091347364086043, -7.091347364086043, -7.091347364086043, -7.091347364086043, -7.091347364086043, -7.091347364086043, -7.091347364086043, -7.091347364086043, -7.091347364086043, -7.091347364086043, -7.091347364086043, -7.091347364086043, -7.091347364086043, -7.091347364086043, -7.091347364086043, -7.091347364086043, -7.091347364086043, -7.091347364086043, -7.091347364086043, -7.091347364086043, -7.091347364086043, -7.091347364086043, -7.091347364086043, -7.091347364086043, -7.091347364086043, -7.091347364086043, -7.091347364086043, -7.091347364086043, -7.091347364086043, -7.091347364086043, -7.091347364086043, -7.091347364086043, -7.091347364086043, -7.091347364086043, -7.091347364086043, -7.091347364086043, -7.091347364086043, -7.091347364086043, -7.091347364086043, -7.8140385692063665, -7.8140385692063665, -7.8140385692063665, -7.8140385692063665, -7.8140385692063665, -7.8140385692063665, -7.8140385692063665, -7.8140385692063665, -7.8140385692063665, -7.8140385692063665, -7.8140385692063665, -7.8140385692063665, -7.8140385692063665, -7.8140385692063665, -7.8140385692063665, -7.8140385692063665, -7.8140385692063665, -7.8140385692063665, -7.8140385692063665, -7.8140385692063665, -7.8140385692063665, -7.8140385692063665, -7.8140385692063665, -7.8140385692063665, -7.8140385692063665, -7.8140385692063665, -7.8140385692063665, -7.8140385692063665, -7.8140385692063665, -7.8140385692063665, -7.8140385692063665, -7.8140385692063665, -7.8140385692063665, -7.8140385692063665, -7.8140385692063665, -7.8140385692063665, -7.8140385692063665, -7.8140385692063665, -7.8140385692063665, -7.8140385692063665, -7.8140385692063665, -7.8140385692063665, -7.8140385692063665, -7.8140385692063665, -7.8140385692063665, -7.8140385692063665, -7.8140385692063665, -7.8140385692063665, -7.8140385692063665, -7.8140385692063665, -10.171770422827535, -10.171770422827535, -10.171770422827535, -10.171770422827535, -10.171770422827535, -10.171770422827535, -10.171770422827535, -10.171770422827535, -10.171770422827535],