{"0": [-5.18513346331384, -5.944992589761371, -5.944992589761371, -5.944992589761371, -5.944992589761371, -5.944992589761371, -5.944992589761371, -5.944992589761371, -5.944992589761371, -5.944992589761371, -5.944992589761371, -5.944992589761371, -5.944992589761371, -5.944992589761371, -5.973050367930922, -5.973050367930922, -5.973050367930922, -5.973050367930922, -5.973050367930922, -5.973050367930922, -5.973050367930922, -5.973050367930922, -5.973050367930922, -5.973050367930922, -5.973050367930922, -5.973050367930922, -5.973050367930922, -5.973050367930922, -5.973050367930922, -5.973050367930922, -5.973050367930922, -5.973050367930922, -5.973050367930922, -5.973050367930922, -5.973050367930922, -5.973050367930922, -5.973050367930922, -5.973050367930922, -5.973050367930922, -5.973050367930922, -5.973050367930922, -5.973050367930922, -5.973050367930922, -5.973050367930922, -5.973050367930922, -5.973050367930922, -5.973050367930922, -5.973050367930922, -5.973050367930922, -5.973050367930922, -6.121115601432072, -6.121115601432072, -6.121115601432072, -6.121115601432072, -6.121115601432072, -6.121115601432072, -6.121115601432072, -6.121115601432072, -6.121115601432072, -6.379821205727136, -6.379821205727136, -6.379821205727136, -6.379821205727136, -6.379821205727136, -6.379821205727136, -6.379821205727136, -6.379821205727136, -6.379821205727136, -6.379821205727136, -6.379821205727136, -6.379821205727136, -6.379821205727136, -6.379821205727136, -6.379821205727136, -6.379821205727136, -6.379821205727136, -6.379821205727136, -6.379821205727136, -6.379821205727136, -6.379821205727136, -6.379821205727136, -6.379821205727136, -6.379821205727136, -6.379821205727136, -6.379821205727136, -6.379821205727136, -6.379821205727136, -6.379821205727136, -6.379821205727136, -6.379821205727136, -6.379821205727136, -6.379821205727136, -6.379821205727136, -6.379821205727136, -6.379821205727136, -6.379821205727136, -6.379821205727136, -6.379821205727136, -6.379821205727136, -6.379821205727136], "1": [-5.301766307838833, -5.301766307838833, -5.301766307838833, -5.301766307838833, -5.301766307838833, -5.301766307838833, -5.301766307838833, -5.301766307838833, -5.301766307838833, -5.301766307838833, -5.987726729341444, -5.987726729341444, -5.987726729341444, -5.987726729341444, -5.987726729341444, -5.987726729341444, -5.987726729341444, -5.987726729341444, -5.987726729341444, -5.987726729341444, -5.987726729341444, -5.987726729341444, -5.987726729341444, -5.987726729341444, -5.987726729341444, -5.987726729341444, -5.987726729341444, -6.119683975939538, -6.119683975939538, -6.119683975939538, -6.119683975939538, -6.119683975939538, -6.119683975939538, -6.119683975939538, -6.119683975939538, -6.119683975939538, -6.119683975939538, -6.119683975939538, -6.119683975939538, -6.213863295048782, -6.213863295048782, -6.213863295048782, -6.213863295048782, -6.213863295048782, -6.213863295048782, -6.213863295048782, -6.213863295048782, -6.213863295048782, -6.213863295048782, -6.213863295048782, -6.213863295048782, -6.213863295048782, -6.213863295048782, -6.213863295048782, -6.213863295048782, -6.213863295048782, -6.213863295048782, -6.213863295048782, -6.218409544590391, -6.218409544590391, -6.218409544590391, -6.218409544590391, -6.218409544590391, -6.218409544590391, -6.218409544590391, -6.218409544590391, -6.218409544590391, -6.218409544590391, -6.218409544590391, -6.218409544590391, -6.218409544590391, -6.218409544590391, -6.271425914801576, -6.271425914801576, -6.271425914801576, -6.271425914801576, -6.271425914801576, -6.271425914801576, -6.271425914801576, -6.271425914801576, -6.271425914801576, -6.271425914801576, -6.271425914801576, -6.271425914801576, -6.271425914801576, -6.271425914801576, -6.271425914801576, -6.271425914801576, -6.271425914801576, -6.271425914801576, -6.289631553722636, -6.289631553722636, -6.289631553722636, -6.289631553722636, -6.289631553722636, -6.289631553722636, -6.289631553722636, -6.289631553722636, -6.289631553722636, -6.289631553722636], "2": [-4.219144248658249, -4.219144248658249, -4.295036076396605, -4.295036076396605, -4.295036076396605, -5.275740431089464, -5.275740431089464, -5.275740431089464, -5.275740431089464, -5.275740431089464, -5.275740431089464, -5.275740431089464, -5.275740431089464, -5.908117592959102, -5.908117592959102, -5.908117592959102, -5.908117592959102, -5.908117592959102, -5.908117592959102, -5.908117592959102, -5.908117592959102, -5.908117592959102, -5.908117592959102, -5.908117592959102, -5.908117592959102, -6.116073962329814, -6.116073962329814, -6.116073962329814, -6.116073962329814, -6.116073962329814, -6.116073962329814, -6.116073962329814, -6.116073962329814, -6.116073962329814, -6.116073962329814, -6.116073962329814, -6.116073962329814, -6.116073962329814, -6.116073962329814, -6.116073962329814, -6.116073962329814, -6.116073962329814, -6.116073962329814, -6.116073962329814, -6.116073962329814, -6.116073962329814, -6.116073962329814, -6.116073962329814, -6.116073962329814, -6.116073962329814, -6.116073962329814, -6.116073962329814, -6.116073962329814, -6.116073962329814, -6.116073962329814, -6.116073962329814, -6.116073962329814, -6.116073962329814, -6.116073962329814, -6.116073962329814, -6.116073962329814, -6.116073962329814, -6.116073962329814, -6.116073962329814, -6.116073962329814, -6.116073962329814, -6.116073962329814, -6.116073962329814, -6.116073962329814, -6.116073962329814, -6.116073962329814, -6.116073962329814, -6.116073962329814, -6.116073962329814, -6.116073962329814, -6.116073962329814, -6.116073962329814, -6.116073962329814, -6.116073962329814, -6.116073962329814, -6.116073962329814, -6.7, -6.7, -6.7, -6.7, -6.7, -6.7, -6.7, -6.7, -6.7, -6.7, -6.7, -6.7, -6.7, -6.7, -6.7, -6.7, -6.7, -6.7, -6.7], "3": [-4.863327482732351, -4.863327482732351, -4.891702316280907, -4.891702316280907, -4.891702316280907, -4.891702316280907, -5.237567069577017, -5.282933503570799, -5.282933503570799, -5.282933503570799, -5.282933503570799, -5.282933503570799, -5.282933503570799, -5.282933503570799, -5.747416940823805, -5.747416940823805, -5.747416940823805, -5.747416940823805, -5.747416940823805, -5.747416940823805, -5.766079418230273, -5.766079418230273, -5.766079418230273, -5.766079418230273, -5.788007832829662, -5.788007832829662, -5.788007832829662, -5.788007832829662, -5.788007832829662, -6.0679836594270835, -6.0679836594270835, -6.0679836594270835, -6.0679836594270835, -6.0679836594270835, -6.0679836594270835, -6.190654649179413, -6.190654649179413, -6.190654649179413, -6.190654649179413, -6.190654649179413, -6.190654649179413, -6.190654649179413, -6.190654649179413, -6.473106047520034, -6.473106047520034, -6.473106047520034, -6.473106047520034, -6.473106047520034, -6.473106047520034, -6.473106047520034, -6.473106047520034, -6.473106047520034, -6.473106047520034, -6.473106047520034, -6.473106047520034, -6.473106047520034, -6.473106047520034, -6.473106047520034, -6.473106047520034, -6.473106047520034, -6.473106047520034, -6.473106047520034, -6.473106047520034, -6.473106047520034, -6.473106047520034, -6.473106047520034, -6.473106047520034, -6.473106047520034, -6.473106047520034, -6.473106047520034, -6.473106047520034, -6.473106047520034, -6.473106047520034, -6.473106047520034, -6.473106047520034, -6.473106047520034, -6.473106047520034, -6.473106047520034, -6.473106047520034, -6.473106047520034, -6.473106047520034, -6.473106047520034, -6.473106047520034, -6.473106047520034, -6.473106047520034, -6.473106047520034, -6.473106047520034, -6.473106047520034, -6.473106047520034, -6.473106047520034, -6.473106047520034, -6.473106047520034, -6.473106047520034, -6.473106047520034, -6.473106047520034, -6.614190981207464, -6.614190981207464, -6.614190981207464, -6.614190981207464, -7.730537030755199],