{"0": [-4.777027162229793, -9.13029379181456, -9.13029379181456, -9.13029379181456, -9.13029379181456, -9.13029379181456, -9.13029379181456, -9.13029379181456, -9.13029379181456, -9.13029379181456, -9.13029379181456, -9.13029379181456, -9.13029379181456, -9.13029379181456, -9.13029379181456, -9.13029379181456, -9.13029379181456, -9.13029379181456, -9.13029379181456, -9.13029379181456, -9.13029379181456, -9.13029379181456, -9.13029379181456, -9.13029379181456, -9.13029379181456, -9.13029379181456, -9.13029379181456, -9.13029379181456, -9.13029379181456, -9.13029379181456, -9.13029379181456, -9.13029379181456, -9.13029379181456, -9.13029379181456, -9.13029379181456, -9.13029379181456, -9.13029379181456, -9.13029379181456, -9.13029379181456, -9.13029379181456, -9.13029379181456, -9.13029379181456, -9.13029379181456, -9.13029379181456, -9.13029379181456, -9.13029379181456, -9.13029379181456, -9.13029379181456, -9.13029379181456, -9.13029379181456, -9.13029379181456, -9.13029379181456, -9.13029379181456, -9.13029379181456, -9.13029379181456, -9.13029379181456, -9.13029379181456, -9.13029379181456, -9.13029379181456, -9.13029379181456, -9.13029379181456, -9.13029379181456, -9.13029379181456, -9.13029379181456, -9.13029379181456, -9.13029379181456, -9.13029379181456, -9.13029379181456, -9.13029379181456, -9.13029379181456, -9.13029379181456, -9.13029379181456, -9.13029379181456, -9.13029379181456, -9.13029379181456, -9.13029379181456, -9.13029379181456, -9.13029379181456, -9.13029379181456, -9.13029379181456, -9.13029379181456, -9.13029379181456, -9.13029379181456, -9.13029379181456, -9.13029379181456, -9.13029379181456, -9.13029379181456, -9.13029379181456, -9.13029379181456, -9.13029379181456, -9.13029379181456, -9.13029379181456, -9.13029379181456, -9.13029379181456, -9.13029379181456, -9.13029379181456, -9.13029379181456, -9.13029379181456, -9.13029379181456, -9.13029379181456], "1": [-2.290706472009373, -7.139656403963283, -9.061720925697793, -9.061720925697793, -9.061720925697793, -9.061720925697793, -9.061720925697793, -9.061720925697793, -9.061720925697793, -9.061720925697793, -9.061720925697793, -9.061720925697793, -9.061720925697793, -9.061720925697793, -9.061720925697793, -9.061720925697793, -9.061720925697793, -9.061720925697793, -9.061720925697793, -9.061720925697793, -9.061720925697793, -9.061720925697793, -9.061720925697793, -9.061720925697793, -9.061720925697793, -9.061720925697793, -9.061720925697793, -9.061720925697793, -9.061720925697793, -9.061720925697793, -9.061720925697793, -9.061720925697793, -9.061720925697793, -9.061720925697793, -9.061720925697793, -9.061720925697793, -9.061720925697793, -9.061720925697793, -9.061720925697793, -9.061720925697793, -9.061720925697793, -9.061720925697793, -9.061720925697793, -9.061720925697793, -9.061720925697793, -9.061720925697793, -9.061720925697793, -9.061720925697793, -9.061720925697793, -9.061720925697793, -9.061720925697793, -9.061720925697793, -9.061720925697793, -9.061720925697793, -9.061720925697793, -9.061720925697793, -9.061720925697793, -9.061720925697793, -9.061720925697793, -9.061720925697793, -9.061720925697793, -9.061720925697793, -9.061720925697793, -9.061720925697793, -9.061720925697793, -9.061720925697793, -9.061720925697793, -9.061720925697793, -9.061720925697793, -9.061720925697793, -9.061720925697793, -9.061720925697793, -9.061720925697793, -9.061720925697793, -9.061720925697793, -9.061720925697793, -9.061720925697793, -9.061720925697793, -9.061720925697793, -9.061720925697793, -9.061720925697793, -9.061720925697793, -9.061720925697793, -9.061720925697793, -9.061720925697793, -9.061720925697793, -9.061720925697793, -9.061720925697793, -9.061720925697793, -9.061720925697793, -9.061720925697793, -9.061720925697793, -9.061720925697793, -9.061720925697793, -9.061720925697793, -9.061720925697793, -9.061720925697793, -9.13029379181456, -9.13029379181456, -9.13029379181456], "2": [0.3097932533124761, 0.3097932533124761, -6.564699071389383, -6.564699071389383, -6.564699071389383, -6.564699071389383, -6.564699071389383, -6.564699071389383, -6.564699071389383, -6.564699071389383, -6.564699071389383, -6.564699071389383, -6.564699071389383, -6.564699071389383, -6.564699071389383, -6.564699071389383, -6.564699071389383, -6.564699071389383, -6.564699071389383, -6.564699071389383, -6.564699071389383, -6.564699071389383, -6.564699071389383, -6.564699071389383, -6.564699071389383, -6.564699071389383, -6.564699071389383, -6.564699071389383, -6.564699071389383, -6.564699071389383, -6.564699071389383, -6.564699071389383, -6.564699071389383, -6.564699071389383, -6.564699071389383, -6.564699071389383, -6.564699071389383, -6.564699071389383, -6.564699071389383, -6.564699071389383, -6.564699071389383, -6.564699071389383, -6.564699071389383, -6.564699071389383, -6.564699071389383, -6.564699071389383, -6.564699071389383, -6.564699071389383, -6.564699071389383, -6.564699071389383, -6.564699071389383, -7.139656403963283, -7.139656403963283, -7.139656403963283, -7.139656403963283, -7.139656403963283, -7.139656403963283, -7.139656403963283, -7.139656403963283, -7.139656403963283, -7.139656403963283, -7.139656403963283, -7.139656403963283, -7.139656403963283, -7.139656403963283, -7.139656403963283, -7.139656403963283, -7.139656403963283, -7.139656403963283, -7.139656403963283, -7.139656403963283, -7.139656403963283, -7.139656403963283, -7.139656403963283, -7.139656403963283, -7.139656403963283, -7.139656403963283, -7.139656403963283, -7.139656403963283, -7.139656403963283, -7.139656403963283, -7.139656403963283, -7.139656403963283, -7.139656403963283, -7.139656403963283, -7.139656403963283, -7.139656403963283, -7.139656403963283, -7.139656403963283, -7.139656403963283, -7.139656403963283, -7.139656403963283, -7.139656403963283, -7.139656403963283, -7.139656403963283, -7.139656403963283, -7.139656403963283, -7.139656403963283, -7.139656403963283, -7.139656403963283], "3": [-4.760466415527369, -9.13029379181456, -9.13029379181456, -9.13029379181456, -9.13029379181456, -9.13029379181456, -9.13029379181456, -9.13029379181456, -9.13029379181456, -9.13029379181456, -9.13029379181456, -9.13029379181456, -9.13029379181456, -9.13029379181456, -9.13029379181456, -9.13029379181456, -9.13029379181456, -9.13029379181456, -9.13029379181456, -9.13029379181456, -9.13029379181456, -9.13029379181456, -9.13029379181456, -9.13029379181456, -9.13029379181456, -9.13029379181456, -9.13029379181456, -9.13029379181456, -9.13029379181456, -9.13029379181456, -9.13029379181456, -9.13029379181456, -9.13029379181456, -9.13029379181456, -9.13029379181456, -9.13029379181456, -9.13029379181456, -9.13029379181456, -9.13029379181456, -9.13029379181456, -9.13029379181456, -9.13029379181456, -9.13029379181456, -9.13029379181456, -9.13029379181456, -9.13029379181456, -9.13029379181456, -9.13029379181456, -9.13029379181456, -9.13029379181456, -9.13029379181456, -9.13029379181456, -9.13029379181456, -9.13029379181456, -9.13029379181456, -9.13029379181456, -9.13029379181456, -9.13029379181456, -9.13029379181456, -9.13029379181456, -9.13029379181456, -9.13029379181456, -9.13029379181456, -9.13029379181456, -9.13029379181456, -9.13029379181456, -9.13029379181456, -9.13029379181456, -9.13029379181456, -9.13029379181456, -9.13029379181456, -9.13029379181456, -9.13029379181456, -9.13029379181456, -9.13029379181456, -9.13029379181456, -9.13029379181456, -9.13029379181456, -9.13029379181456, -9.13029379181456, -9.13029379181456, -9.13029379181456, -9.13029379181456, -9.13029379181456, -9.13029379181456, -9.13029379181456, -9.13029379181456, -9.13029379181456, -9.13029379181456, -9.13029379181456, -9.13029379181456, -9.13029379181456, -9.13029379181456, -9.13029379181456, -9.13029379181456, -9.13029379181456, -9.13029379181456, -9.13029379181456, -9.13029379181456, -9.13029379181456],