{"0": [-4.780696498946139, -4.780696498946139, -4.780696498946139, -4.780696498946139, -4.780696498946139, -5.679148500261584, -5.679148500261584, -5.679148500261584, -5.679148500261584, -5.679148500261584, -5.679148500261584, -5.679148500261584, -5.679148500261584, -5.679148500261584, -5.679148500261584, -5.679148500261584, -5.679148500261584, -5.679148500261584, -5.679148500261584, -5.87, -5.87, -5.87, -5.87, -5.87, -5.87, -6.127832949011487, -6.127832949011487, -6.127832949011487, -6.127832949011487, -6.127832949011487, -6.127832949011487, -6.127832949011487, -6.127832949011487, -6.127832949011487, -6.127832949011487, -6.127832949011487, -6.127832949011487, -6.127832949011487, -6.127832949011487, -6.127832949011487, -6.127832949011487, -6.127832949011487, -6.127832949011487, -6.127832949011487, -6.127832949011487, -6.127832949011487, -6.127832949011487, -6.127832949011487, -6.127832949011487, -6.127832949011487, -6.127832949011487, -6.127832949011487, -6.127832949011487, -6.127832949011487, -6.127832949011487, -6.127832949011487, -6.127832949011487, -6.127832949011487, -6.127832949011487, -6.127832949011487, -6.127832949011487, -6.127832949011487, -6.127832949011487, -6.127832949011487, -6.127832949011487, -6.127832949011487, -6.127832949011487, -6.127832949011487, -6.127832949011487, -6.127832949011487, -6.127832949011487, -6.127832949011487, -6.127832949011487, -6.127832949011487, -6.127832949011487, -6.127832949011487, -6.460460669777805, -6.460460669777805, -6.460460669777805, -6.460460669777805, -6.460460669777805, -6.460460669777805, -6.460460669777805, -6.460460669777805, -6.460460669777805, -6.460460669777805, -6.460460669777805, -6.460460669777805, -6.460460669777805, -6.460460669777805, -6.460460669777805, -6.460460669777805, -6.460460669777805, -6.460460669777805, -6.460460669777805, -6.649281182936411, -6.649281182936411, -6.649281182936411, -6.649281182936411, -6.649281182936411], "1": [-3.4597126173768586, -5.8280270653849, -5.8280270653849, -5.8280270653849, -5.8280270653849, -5.8280270653849, -5.8280270653849, -5.8280270653849, -5.8280270653849, -5.908666587329955, -5.908666587329955, -5.908666587329955, -5.908666587329955, -5.908666587329955, -5.908666587329955, -5.908666587329955, -5.908666587329955, -5.908666587329955, -5.908666587329955, -5.908666587329955, -5.908666587329955, -5.908666587329955, -6.927990536421171, -6.927990536421171, -6.927990536421171, -6.927990536421171, -6.927990536421171, -6.927990536421171, -6.927990536421171, -6.927990536421171, -6.927990536421171, -6.927990536421171, -6.927990536421171, -6.927990536421171, -6.927990536421171, -6.927990536421171, -6.927990536421171, -6.927990536421171, -6.927990536421171, -6.927990536421171, -6.927990536421171, -6.927990536421171, -6.927990536421171, -6.927990536421171, -6.927990536421171, -6.927990536421171, -6.927990536421171, -6.927990536421171, -6.927990536421171, -6.927990536421171, -6.927990536421171, -6.927990536421171, -6.927990536421171, -6.927990536421171, -6.927990536421171, -6.927990536421171, -6.927990536421171, -6.927990536421171, -6.927990536421171, -6.927990536421171, -6.927990536421171, -6.927990536421171, -6.927990536421171, -6.927990536421171, -6.927990536421171, -6.927990536421171, -6.927990536421171, -6.927990536421171, -6.927990536421171, -6.927990536421171, -6.927990536421171, -6.927990536421171, -6.927990536421171, -6.927990536421171, -6.927990536421171, -6.927990536421171, -6.927990536421171, -6.927990536421171, -6.927990536421171, -6.927990536421171, -6.927990536421171, -6.927990536421171, -6.927990536421171, -6.927990536421171, -6.927990536421171, -6.927990536421171, -6.927990536421171, -6.927990536421171, -6.927990536421171, -6.927990536421171, -6.927990536421171, -6.927990536421171, -6.927990536421171, -6.927990536421171, -6.927990536421171, -6.927990536421171, -6.927990536421171, -6.927990536421171, -6.927990536421171, -6.927990536421171], "2": [-3.5745591828378975, -3.5745591828378975, -4.114861950444933, -5.755245744318647, -5.755245744318647, -5.755245744318647, -5.755245744318647, -5.755245744318647, -5.755245744318647, -5.755245744318647, -5.755245744318647, -5.755245744318647, -5.755245744318647, -5.755245744318647, -5.755245744318647, -5.755245744318647, -5.755245744318647, -5.755245744318647, -5.755245744318647, -5.755245744318647, -5.755245744318647, -5.755245744318647, -5.755245744318647, -5.755245744318647, -5.755245744318647, -5.755245744318647, -5.755245744318647, -5.755245744318647, -5.755245744318647, -5.755245744318647, -6.407650365227019, -6.407650365227019, -6.407650365227019, -6.407650365227019, -6.407650365227019, -6.407650365227019, -6.407650365227019, -6.407650365227019, -6.407650365227019, -6.407650365227019, -6.407650365227019, -6.407650365227019, -6.407650365227019, -6.407650365227019, -6.407650365227019, -6.407650365227019, -6.407650365227019, -6.407650365227019, -6.407650365227019, -6.407650365227019, -6.407650365227019, -6.407650365227019, -6.407650365227019, -6.407650365227019, -6.407650365227019, -6.407650365227019, -6.407650365227019, -6.407650365227019, -6.407650365227019, -6.407650365227019, -6.407650365227019, -6.407650365227019, -6.407650365227019, -6.407650365227019, -6.407650365227019, -6.407650365227019, -6.407650365227019, -6.407650365227019, -6.407650365227019, -6.407650365227019, -6.407650365227019, -6.407650365227019, -6.407650365227019, -6.407650365227019, -6.407650365227019, -6.407650365227019, -6.407650365227019, -6.407650365227019, -6.407650365227019, -6.407650365227019, -6.407650365227019, -6.407650365227019, -6.407650365227019, -6.407650365227019, -6.407650365227019, -6.508549758452938, -6.508549758452938, -6.508549758452938, -6.508549758452938, -6.508549758452938, -6.508549758452938, -6.508549758452938, -6.508549758452938, -6.508549758452938, -6.508549758452938, -6.508549758452938, -6.508549758452938, -6.508549758452938, -6.508549758452938, -6.508549758452938], "3": [-3.793555964790975, -5.71439892822346, -6.488706635626847, -6.488706635626847, -6.488706635626847, -6.488706635626847, -6.488706635626847, -6.488706635626847, -6.488706635626847, -6.488706635626847, -6.488706635626847, -6.488706635626847, -6.488706635626847, -6.488706635626847, -6.488706635626847, -6.488706635626847, -6.488706635626847, -6.488706635626847, -6.488706635626847, -6.488706635626847, -6.488706635626847, -6.488706635626847, -6.488706635626847, -6.488706635626847, -6.488706635626847, -6.488706635626847, -6.488706635626847, -6.488706635626847, -6.488706635626847, -6.488706635626847, -6.488706635626847, -6.488706635626847, -6.488706635626847, -6.488706635626847, -6.488706635626847, -6.488706635626847, -6.488706635626847, -6.488706635626847, -6.488706635626847, -6.488706635626847, -6.488706635626847, -6.488706635626847, -6.488706635626847, -6.488706635626847, -6.488706635626847, -6.488706635626847, -6.488706635626847, -6.488706635626847, -6.488706635626847, -6.488706635626847, -6.488706635626847, -6.488706635626847, -6.488706635626847, -6.488706635626847, -6.488706635626847, -6.488706635626847, -6.488706635626847, -6.488706635626847, -6.488706635626847, -6.488706635626847, -6.488706635626847, -6.488706635626847, -6.488706635626847, -6.488706635626847, -6.670386056649007, -6.670386056649007, -6.670386056649007, -6.670386056649007, -6.670386056649007, -6.670386056649007, -6.670386056649007, -6.670386056649007, -6.670386056649007, -6.670386056649007, -6.670386056649007, -6.670386056649007, -6.670386056649007, -6.670386056649007, -6.670386056649007, -6.670386056649007, -6.670386056649007, -6.670386056649007, -6.670386056649007, -6.670386056649007, -6.670386056649007, -6.670386056649007, -6.670386056649007, -6.670386056649007, -6.670386056649007, -6.670386056649007, -6.670386056649007, -6.670386056649007, -6.670386056649007, -6.670386056649007, -6.70741759529508, -6.70741759529508, -6.70741759529508, -6.70741759529508, -6.70741759529508, -6.70741759529508],